{
    "key": "group_63188c9803549",
    "title": "Footer Options",
    "fields": [
        {
            "key": "field_64008c274d0b0",
            "label": "Footer",
            "name": "",
            "aria-label": "",
            "type": "tab",
            "instructions": "",
            "required": 0,
            "conditional_logic": 0,
            "wrapper": {
                "width": "",
                "class": "",
                "id": ""
            },
            "placement": "top",
            "endpoint": 0
        },
        {
            "key": "field_64410ed9c1056",
            "label": "Column 3",
            "name": "footer_column_3",
            "aria-label": "",
            "type": "wysiwyg",
            "instructions": "",
            "required": 0,
            "conditional_logic": 0,
            "wrapper": {
                "width": "",
                "class": "",
                "id": ""
            },
            "default_value": "",
            "tabs": "all",
            "toolbar": "basic",
            "media_upload": 0,
            "delay": 0
        },
        {
            "key": "field_64008b6918aeb",
            "label": "Footnote",
            "name": "",
            "aria-label": "",
            "type": "tab",
            "instructions": "",
            "required": 0,
            "conditional_logic": 0,
            "wrapper": {
                "width": "",
                "class": "",
                "id": ""
            },
            "placement": "top",
            "endpoint": 0
        },
        {
            "key": "field_636a75c87d8fb",
            "label": "Footnote Links",
            "name": "footer_footnote_links",
            "aria-label": "",
            "type": "repeater",
            "instructions": "",
            "required": 0,
            "conditional_logic": 0,
            "wrapper": {
                "width": "",
                "class": "",
                "id": ""
            },
            "layout": "table",
            "pagination": 0,
            "min": 0,
            "max": 0,
            "collapsed": "",
            "button_label": "Add Row",
            "rows_per_page": 20,
            "sub_fields": [
                {
                    "key": "field_636e89813d4b3",
                    "label": "Link",
                    "name": "footer_link",
                    "aria-label": "",
                    "type": "link",
                    "instructions": "",
                    "required": 0,
                    "conditional_logic": 0,
                    "wrapper": {
                        "width": "",
                        "class": "",
                        "id": ""
                    },
                    "return_format": "array",
                    "parent_repeater": "field_636a75c87d8fb"
                }
            ]
        },
        {
            "key": "field_63188cc34bd32",
            "label": "Footnote",
            "name": "footer_footnote",
            "aria-label": "",
            "type": "text",
            "instructions": "",
            "required": 0,
            "conditional_logic": 0,
            "wrapper": {
                "width": "",
                "class": "",
                "id": ""
            },
            "default_value": "",
            "placeholder": "",
            "prepend": "",
            "append": "",
            "maxlength": ""
        }
    ],
    "location": [
        [
            {
                "param": "options_page",
                "operator": "==",
                "value": "ksam-footer-settings"
            },
            {
                "param": "current_user_role",
                "operator": "==",
                "value": "administrator"
            }
        ],
        [
            {
                "param": "options_page",
                "operator": "==",
                "value": "ksam-footer-settings"
            },
            {
                "param": "current_user_role",
                "operator": "==",
                "value": "editor"
            }
        ],
        [
            {
                "param": "options_page",
                "operator": "==",
                "value": "ksam-footer-settings"
            },
            {
                "param": "current_user_role",
                "operator": "==",
                "value": "administrator"
            }
        ]
    ],
    "menu_order": 0,
    "position": "normal",
    "style": "default",
    "label_placement": "top",
    "instruction_placement": "label",
    "hide_on_screen": "",
    "active": true,
    "description": "",
    "show_in_rest": 0,
    "modified": 1682346116
}