{
    "key": "group_629f5fee952b5",
    "title": "Real Authors",
    "fields": [
        {
            "key": "field_629f5ff6b707b",
            "label": "Real Authors",
            "name": "real_authors",
            "type": "repeater",
            "instructions": "",
            "required": 0,
            "conditional_logic": 0,
            "wrapper": {
                "width": "",
                "class": "",
                "id": ""
            },
            "show_in_graphql": 1,
            "collapsed": "",
            "min": 0,
            "max": 0,
            "layout": "table",
            "button_label": "",
            "sub_fields": [
                {
                    "key": "field_62baed5846948",
                    "label": "Bio",
                    "name": "author_bio",
                    "type": "relationship",
                    "instructions": "",
                    "required": 0,
                    "conditional_logic": 0,
                    "wrapper": {
                        "width": "",
                        "class": "",
                        "id": ""
                    },
                    "show_in_graphql": 1,
                    "post_type": [
                        "bio"
                    ],
                    "taxonomy": "",
                    "filters": [
                        "search"
                    ],
                    "elements": "",
                    "min": 1,
                    "max": 1,
                    "return_format": "object"
                },
                {
                    "key": "field_631f2561945b2",
                    "label": "Secondary Author",
                    "name": "secondary_author",
                    "type": "true_false",
                    "instructions": "",
                    "required": 0,
                    "conditional_logic": 0,
                    "wrapper": {
                        "width": "",
                        "class": "",
                        "id": ""
                    },
                    "show_in_graphql": 1,
                    "message": "",
                    "default_value": 0,
                    "ui": 0,
                    "ui_on_text": "",
                    "ui_off_text": ""
                }
            ]
        }
    ],
    "location": [
        [
            {
                "param": "page_template",
                "operator": "==",
                "value": "default"
            }
        ],
        [
            {
                "param": "post_type",
                "operator": "==",
                "value": "macroinsight"
            }
        ],
        [
            {
                "param": "post_type",
                "operator": "==",
                "value": "webcast"
            }
        ],
        [
            {
                "param": "post_type",
                "operator": "==",
                "value": "fund-offering"
            }
        ],
        [
            {
                "param": "post_type",
                "operator": "==",
                "value": "portfolio"
            }
        ],
        [
            {
                "param": "post_type",
                "operator": "==",
                "value": "investmentinsight"
            }
        ],
        [
            {
                "param": "post_type",
                "operator": "==",
                "value": "sustainability"
            }
        ]
    ],
    "menu_order": 0,
    "position": "normal",
    "style": "default",
    "label_placement": "top",
    "instruction_placement": "label",
    "hide_on_screen": "",
    "active": true,
    "description": "",
    "show_in_rest": 0,
    "show_in_graphql": 1,
    "graphql_field_name": "realAuthors",
    "modified": 1663249649
}