{
    "key": "group_624d51be9b18b",
    "title": "Webcast Block",
    "fields": [
        {
            "key": "field_624d51c9a4278",
            "label": "Webcast",
            "name": "webcast_list",
            "type": "relationship",
            "instructions": "",
            "required": 0,
            "conditional_logic": 0,
            "wrapper": {
                "width": "",
                "class": "",
                "id": ""
            },
            "show_in_graphql": 1,
            "post_type": [
                "webcast"
            ],
            "taxonomy": "",
            "filters": "",
            "elements": "",
            "min": 1,
            "max": 1,
            "return_format": "object"
        }
    ],
    "location": [
        [
            {
                "param": "block",
                "operator": "==",
                "value": "acf\/webcast"
            }
        ]
    ],
    "menu_order": 0,
    "position": "normal",
    "style": "default",
    "label_placement": "top",
    "instruction_placement": "label",
    "hide_on_screen": "",
    "active": true,
    "description": "",
    "show_in_rest": 0,
    "show_in_graphql": 1,
    "graphql_field_name": "blockWebcast",
    "modified": 1649672971
}