{
    "key": "group_631f21b02cb2d",
    "title": "PDF URL",
    "fields": [
        {
            "key": "field_631f21d1bfd6a",
            "label": "PDF URL",
            "name": "pdf_url",
            "type": "url",
            "instructions": "",
            "required": 0,
            "conditional_logic": 0,
            "wrapper": {
                "width": "",
                "class": "",
                "id": ""
            },
            "show_in_graphql": 1,
            "default_value": "",
            "placeholder": ""
        }
    ],
    "location": [
        [
            {
                "param": "post_type",
                "operator": "==",
                "value": "macroinsight"
            }
        ],
        [
            {
                "param": "post_type",
                "operator": "==",
                "value": "investmentinsight"
            }
        ],
        [
            {
                "param": "post_type",
                "operator": "==",
                "value": "sustainability"
            }
        ]
    ],
    "menu_order": 0,
    "position": "normal",
    "style": "default",
    "label_placement": "top",
    "instruction_placement": "label",
    "hide_on_screen": "",
    "active": true,
    "description": "",
    "show_in_rest": 0,
    "show_in_graphql": 1,
    "graphql_field_name": "pdfurl",
    "modified": 1663249593
}