{
    "key": "group_624ec3ee0c440",
    "title": "Fund Offerings",
    "fields": [
        {
            "key": "field_624ec40390eaa",
            "label": "Asset Class",
            "name": "fund_offering_asset_class",
            "type": "select",
            "instructions": "",
            "required": 0,
            "conditional_logic": 0,
            "wrapper": {
                "width": "33",
                "class": "",
                "id": ""
            },
            "show_in_graphql": 1,
            "choices": {
                "Private Equity": "Private Equity",
                "Growth Equity": "Growth Equity",
                "Real Estate": "Real Estate",
                "Credit": "Credit",
                "Infrastructure": "Infrastructure"
            },
            "default_value": false,
            "allow_null": 0,
            "multiple": 0,
            "ui": 0,
            "return_format": "value",
            "ajax": 0,
            "placeholder": ""
        },
        {
            "key": "field_624ece90a34cd",
            "label": "View PPM",
            "name": "fund_offering_view_ppm",
            "type": "url",
            "instructions": "",
            "required": 0,
            "conditional_logic": 0,
            "wrapper": {
                "width": "33",
                "class": "",
                "id": ""
            },
            "show_in_graphql": 1,
            "default_value": "",
            "placeholder": ""
        },
        {
            "key": "field_624ececca34ce",
            "label": "Subscribe",
            "name": "fund_offering_subscribe",
            "type": "url",
            "instructions": "",
            "required": 0,
            "conditional_logic": 0,
            "wrapper": {
                "width": "33",
                "class": "",
                "id": ""
            },
            "show_in_graphql": 1,
            "default_value": "",
            "placeholder": ""
        },
        {
            "key": "field_624ec4fecdfc7",
            "label": "Minimum Investment",
            "name": "fund_offering_min_investment",
            "type": "number",
            "instructions": "",
            "required": 0,
            "conditional_logic": 0,
            "wrapper": {
                "width": "20",
                "class": "",
                "id": ""
            },
            "show_in_graphql": 1,
            "default_value": "",
            "placeholder": "",
            "prepend": "$",
            "append": "",
            "min": "",
            "max": "",
            "step": ""
        },
        {
            "key": "field_624ec5c2cdfc8",
            "label": "Target Performance",
            "name": "fund_offering_target_performance",
            "type": "text",
            "instructions": "",
            "required": 0,
            "conditional_logic": 0,
            "wrapper": {
                "width": "20",
                "class": "",
                "id": ""
            },
            "show_in_graphql": 1,
            "default_value": "",
            "placeholder": "",
            "prepend": "",
            "append": "%",
            "maxlength": ""
        },
        {
            "key": "field_624ec5e4cdfc9",
            "label": "Fund Target Size",
            "name": "fund_offering_target_size",
            "type": "number",
            "instructions": "",
            "required": 0,
            "conditional_logic": 0,
            "wrapper": {
                "width": "20",
                "class": "",
                "id": ""
            },
            "show_in_graphql": 1,
            "default_value": "",
            "placeholder": "",
            "prepend": "$",
            "append": "",
            "min": "",
            "max": "",
            "step": ""
        },
        {
            "key": "field_624ec6c3a5e6d",
            "label": "Management Fee",
            "name": "fund_offering_management_fee",
            "type": "number",
            "instructions": "",
            "required": 0,
            "conditional_logic": 0,
            "wrapper": {
                "width": "20",
                "class": "",
                "id": ""
            },
            "show_in_graphql": 1,
            "default_value": "",
            "placeholder": "",
            "prepend": "",
            "append": "%",
            "min": "",
            "max": "",
            "step": ""
        },
        {
            "key": "field_624ec6e0a5e6e",
            "label": "Servicing Fee",
            "name": "fund_offering_service_fee",
            "type": "number",
            "instructions": "",
            "required": 0,
            "conditional_logic": 0,
            "wrapper": {
                "width": "20",
                "class": "",
                "id": ""
            },
            "show_in_graphql": 1,
            "default_value": "",
            "placeholder": "",
            "prepend": "",
            "append": "%",
            "min": "",
            "max": "",
            "step": ""
        },
        {
            "key": "field_624ec46e837dc",
            "label": "Overview",
            "name": "fund_offering_overview",
            "type": "wysiwyg",
            "instructions": "",
            "required": 0,
            "conditional_logic": 0,
            "wrapper": {
                "width": "100",
                "class": "",
                "id": ""
            },
            "show_in_graphql": 1,
            "default_value": "",
            "tabs": "visual",
            "toolbar": "full",
            "media_upload": 0,
            "delay": 0
        },
        {
            "key": "field_624ed79d06e14",
            "label": "TMT Team",
            "name": "fund_offering_team",
            "type": "relationship",
            "instructions": "",
            "required": 0,
            "conditional_logic": 0,
            "wrapper": {
                "width": "",
                "class": "",
                "id": ""
            },
            "show_in_graphql": 1,
            "post_type": [
                "bio"
            ],
            "taxonomy": "",
            "filters": "",
            "elements": "",
            "min": "",
            "max": "",
            "return_format": "object"
        },
        {
            "key": "field_624ed83835eb6",
            "label": "Portfolio",
            "name": "fund_offering_portfolio",
            "type": "relationship",
            "instructions": "",
            "required": 0,
            "conditional_logic": 0,
            "wrapper": {
                "width": "",
                "class": "",
                "id": ""
            },
            "show_in_graphql": 1,
            "post_type": [
                "portfolio"
            ],
            "taxonomy": "",
            "filters": "",
            "elements": "",
            "min": "",
            "max": "",
            "return_format": "object"
        }
    ],
    "location": [
        [
            {
                "param": "post_type",
                "operator": "==",
                "value": "fund-offering"
            }
        ]
    ],
    "menu_order": 0,
    "position": "normal",
    "style": "default",
    "label_placement": "top",
    "instruction_placement": "label",
    "hide_on_screen": "",
    "active": true,
    "description": "",
    "show_in_rest": 0,
    "show_in_graphql": 1,
    "graphql_field_name": "fundOffering",
    "modified": 1649407745
}