{
    "key": "group_624ff2bda4c3a",
    "title": "Strategy Block",
    "fields": [
        {
            "key": "field_624ff33a90ced",
            "label": "Strategies",
            "name": "strategy_list",
            "type": "repeater",
            "instructions": "",
            "required": 0,
            "conditional_logic": 0,
            "wrapper": {
                "width": "",
                "class": "strategy-list-block",
                "id": ""
            },
            "show_in_graphql": 1,
            "collapsed": "",
            "min": 0,
            "max": 0,
            "layout": "table",
            "button_label": "",
            "sub_fields": [
                {
                    "key": "field_624ff36290cee",
                    "label": "Asset Class",
                    "name": "strategy_asset_class",
                    "type": "select",
                    "instructions": "",
                    "required": 0,
                    "conditional_logic": 0,
                    "wrapper": {
                        "width": "20",
                        "class": "",
                        "id": ""
                    },
                    "show_in_graphql": 1,
                    "choices": {
                        "Private Equity": "Private Equity",
                        "Growth Equity": "Growth Equity",
                        "Real Estate": "Real Estate",
                        "Credit": "Credit",
                        "Infrastructure": "Infrastructure",
                        "Customized Portfolio Solutions": "Customized Portfolio Solutions"
                    },
                    "default_value": false,
                    "allow_null": 0,
                    "multiple": 0,
                    "ui": 0,
                    "return_format": "array",
                    "ajax": 0,
                    "placeholder": ""
                },
                {
                    "key": "field_624ff38e90cef",
                    "label": "Strategy",
                    "name": "strategy_fund_strategy",
                    "type": "text",
                    "instructions": "",
                    "required": 0,
                    "conditional_logic": 0,
                    "wrapper": {
                        "width": "20",
                        "class": "",
                        "id": ""
                    },
                    "show_in_graphql": 1,
                    "default_value": "",
                    "placeholder": "",
                    "prepend": "",
                    "append": "",
                    "maxlength": ""
                },
                {
                    "key": "field_624ff3b290cf0",
                    "label": "Overview",
                    "name": "strategy_overview",
                    "type": "text",
                    "instructions": "",
                    "required": 0,
                    "conditional_logic": 0,
                    "wrapper": {
                        "width": "20",
                        "class": "",
                        "id": ""
                    },
                    "show_in_graphql": 1,
                    "default_value": "",
                    "placeholder": "",
                    "prepend": "",
                    "append": "",
                    "maxlength": ""
                },
                {
                    "key": "field_624ff3d690cf1",
                    "label": "Last Fund\/Strategy",
                    "name": "strategy_last_fund",
                    "type": "text",
                    "instructions": "",
                    "required": 0,
                    "conditional_logic": 0,
                    "wrapper": {
                        "width": "20",
                        "class": "",
                        "id": ""
                    },
                    "show_in_graphql": 1,
                    "default_value": "",
                    "placeholder": "",
                    "prepend": "",
                    "append": "",
                    "maxlength": ""
                },
                {
                    "key": "field_625eae99b56c8",
                    "label": "Available to Investors In",
                    "name": "strategy_available_to_investors",
                    "type": "text",
                    "instructions": "",
                    "required": 1,
                    "conditional_logic": 0,
                    "wrapper": {
                        "width": "20",
                        "class": "",
                        "id": ""
                    },
                    "show_in_graphql": 1,
                    "default_value": "",
                    "placeholder": "",
                    "prepend": "",
                    "append": "",
                    "maxlength": ""
                },
                {
                    "key": "field_62e8ddb395e62",
                    "label": "Subscription Type",
                    "name": "strategy_subscription_type",
                    "type": "select",
                    "instructions": "",
                    "required": 0,
                    "conditional_logic": 0,
                    "wrapper": {
                        "width": "20",
                        "class": "",
                        "id": ""
                    },
                    "show_in_graphql": 1,
                    "choices": {
                        "open-ended": "Open-ended",
                        "closed-ended": "Closed-ended"
                    },
                    "default_value": false,
                    "allow_null": 0,
                    "multiple": 0,
                    "ui": 0,
                    "return_format": "value",
                    "ajax": 0,
                    "placeholder": ""
                }
            ]
        }
    ],
    "location": [
        [
            {
                "param": "block",
                "operator": "==",
                "value": "acf\/strategy"
            }
        ]
    ],
    "menu_order": 0,
    "position": "normal",
    "style": "default",
    "label_placement": "top",
    "instruction_placement": "label",
    "hide_on_screen": "",
    "active": true,
    "description": "",
    "show_in_rest": 0,
    "show_in_graphql": 1,
    "graphql_field_name": "blockStrategy",
    "modified": 1660292245
}