{
    "key": "group_623b2c3bb10f5",
    "title": "Feature Post Block",
    "fields": [
        {
            "key": "field_623b2c681f198",
            "label": "Feature Post",
            "name": "feature_post",
            "type": "post_object",
            "instructions": "",
            "required": 0,
            "conditional_logic": 0,
            "wrapper": {
                "width": "",
                "class": "",
                "id": ""
            },
            "show_in_graphql": 1,
            "post_type": [
                "sustainability",
                "investmentinsight",
                "macroinsight"
            ],
            "taxonomy": "",
            "allow_null": 0,
            "multiple": 0,
            "return_format": "object",
            "ui": 1
        }
    ],
    "location": [
        [
            {
                "param": "block",
                "operator": "==",
                "value": "acf\/feature-post"
            }
        ]
    ],
    "menu_order": 0,
    "position": "normal",
    "style": "default",
    "label_placement": "top",
    "instruction_placement": "label",
    "hide_on_screen": "",
    "active": true,
    "description": "",
    "show_in_rest": 1,
    "show_in_graphql": 1,
    "graphql_field_name": "featurePostBlock",
    "modified": 1663249845
}