{
    "key": "group_635009878c3ee",
    "title": "Investment Activity Options",
    "fields": [
        {
            "key": "field_633eb38e6bac6",
            "label": "Investment Activities",
            "name": "investment_activities",
            "type": "repeater",
            "instructions": "",
            "required": 0,
            "conditional_logic": 0,
            "wrapper": {
                "width": "50",
                "class": "",
                "id": ""
            },
            "layout": "table",
            "pagination": 0,
            "min": 0,
            "max": 0,
            "collapsed": "",
            "button_label": "Add Row",
            "rows_per_page": 20,
            "sub_fields": [
                {
                    "key": "field_633eb3e06bac7",
                    "label": "Investment Activity",
                    "name": "investment_activity",
                    "type": "text",
                    "instructions": "",
                    "required": 0,
                    "conditional_logic": 0,
                    "wrapper": {
                        "width": "75",
                        "class": "",
                        "id": ""
                    },
                    "default_value": "",
                    "maxlength": "",
                    "placeholder": "",
                    "prepend": "",
                    "append": "",
                    "parent_repeater": "field_633eb38e6bac6"
                },
                {
                    "key": "field_6347e01f755ee",
                    "label": "US Exclude",
                    "name": "investment_activity_us_exclude",
                    "type": "true_false",
                    "instructions": "",
                    "required": 0,
                    "conditional_logic": 0,
                    "wrapper": {
                        "width": "",
                        "class": "",
                        "id": ""
                    },
                    "message": "",
                    "default_value": 0,
                    "ui": 0,
                    "ui_on_text": "",
                    "ui_off_text": "",
                    "parent_repeater": "field_633eb38e6bac6"
                },
                {
                    "key": "field_6347e0d1726b7",
                    "label": "Europe Exclude",
                    "name": "investment_activity_europe_exclude",
                    "type": "true_false",
                    "instructions": "",
                    "required": 0,
                    "conditional_logic": 0,
                    "wrapper": {
                        "width": "",
                        "class": "",
                        "id": ""
                    },
                    "message": "",
                    "default_value": 0,
                    "ui": 0,
                    "ui_on_text": "",
                    "ui_off_text": "",
                    "parent_repeater": "field_633eb38e6bac6"
                },
                {
                    "key": "field_6347e0eb726b8",
                    "label": "Asia Exclude",
                    "name": "investment_activity_asia_exclude",
                    "type": "true_false",
                    "instructions": "",
                    "required": 0,
                    "conditional_logic": 0,
                    "wrapper": {
                        "width": "",
                        "class": "",
                        "id": ""
                    },
                    "message": "",
                    "default_value": 0,
                    "ui": 0,
                    "ui_on_text": "",
                    "ui_off_text": "",
                    "parent_repeater": "field_633eb38e6bac6"
                }
            ]
        }
    ],
    "location": [
        [
            {
                "param": "options_page",
                "operator": "==",
                "value": "satt-ia-settings"
            }
        ]
    ],
    "menu_order": 0,
    "position": "normal",
    "style": "default",
    "label_placement": "top",
    "instruction_placement": "label",
    "hide_on_screen": "",
    "active": true,
    "description": "",
    "show_in_rest": 0,
    "modified": 1666189773
}