{
    "key": "group_61f931ed79a2b",
    "title": "Subscribe Button Block",
    "fields": [],
    "location": [
        [
            {
                "param": "block",
                "operator": "==",
                "value": "acf\/subscribe-button"
            }
        ]
    ],
    "menu_order": 0,
    "position": "normal",
    "style": "default",
    "label_placement": "top",
    "instruction_placement": "label",
    "hide_on_screen": "",
    "active": true,
    "description": "",
    "modified": 1643721219
}