{
    "key": "group_63188c9803549",
    "title": "Options Page",
    "fields": [
        {
            "key": "field_63188ca34bd30",
            "label": "Footer",
            "name": "",
            "type": "tab",
            "instructions": "",
            "required": 0,
            "conditional_logic": 0,
            "wrapper": {
                "width": "",
                "class": "",
                "id": ""
            },
            "placement": "top",
            "endpoint": 0
        },
        {
            "key": "field_63d928fd6f3c9",
            "label": "Disclaimer",
            "name": "footer_disclaimer",
            "type": "wysiwyg",
            "instructions": "",
            "required": 0,
            "conditional_logic": 0,
            "wrapper": {
                "width": "",
                "class": "",
                "id": ""
            },
            "default_value": "",
            "tabs": "visual",
            "toolbar": "basic",
            "media_upload": 0,
            "delay": 0
        },
        {
            "key": "field_63188cb34bd31",
            "label": "Links",
            "name": "footer_links",
            "type": "repeater",
            "instructions": "",
            "required": 0,
            "conditional_logic": 0,
            "wrapper": {
                "width": "",
                "class": "",
                "id": ""
            },
            "collapsed": "",
            "min": 0,
            "max": 0,
            "layout": "table",
            "button_label": "",
            "sub_fields": [
                {
                    "key": "field_63188d41cd5f7",
                    "label": "Link",
                    "name": "footer_link",
                    "type": "link",
                    "instructions": "",
                    "required": 0,
                    "conditional_logic": 0,
                    "wrapper": {
                        "width": "",
                        "class": "",
                        "id": ""
                    },
                    "return_format": "array"
                }
            ]
        },
        {
            "key": "field_63188cc34bd32",
            "label": "Footnote",
            "name": "footer_footnote",
            "type": "text",
            "instructions": "",
            "required": 0,
            "conditional_logic": 0,
            "wrapper": {
                "width": "",
                "class": "",
                "id": ""
            },
            "default_value": "",
            "placeholder": "",
            "prepend": "",
            "append": "",
            "maxlength": ""
        }
    ],
    "location": [
        [
            {
                "param": "options_page",
                "operator": "==",
                "value": "acf-options"
            },
            {
                "param": "current_user_role",
                "operator": "==",
                "value": "administrator"
            }
        ],
        [
            {
                "param": "options_page",
                "operator": "==",
                "value": "acf-options"
            },
            {
                "param": "current_user_role",
                "operator": "==",
                "value": "editor"
            }
        ],
        [
            {
                "param": "options_page",
                "operator": "==",
                "value": "acf-options"
            },
            {
                "param": "current_user_role",
                "operator": "==",
                "value": "super_editor"
            }
        ]
    ],
    "menu_order": 0,
    "position": "normal",
    "style": "default",
    "label_placement": "top",
    "instruction_placement": "label",
    "hide_on_screen": "",
    "active": true,
    "description": "",
    "show_in_rest": 0,
    "modified": 1675176255
}