{
    "key": "group_618a3ac8c37e4",
    "title": "Video Left Text Right Block",
    "fields": [
        {
            "key": "field_62f3bad60032f",
            "label": "Anchor Id",
            "name": "video_left_text_right_anchor_id",
            "type": "text",
            "instructions": "",
            "required": 0,
            "conditional_logic": 0,
            "wrapper": {
                "width": "",
                "class": "",
                "id": ""
            },
            "default_value": "",
            "placeholder": "",
            "prepend": "",
            "append": "",
            "maxlength": ""
        },
        {
            "key": "field_618a3ae5937ca",
            "label": "Title",
            "name": "video_left_text_right_title",
            "type": "text",
            "instructions": "",
            "required": 0,
            "conditional_logic": 0,
            "wrapper": {
                "width": "",
                "class": "",
                "id": ""
            },
            "default_value": "",
            "placeholder": "",
            "prepend": "",
            "append": "",
            "maxlength": ""
        },
        {
            "key": "field_6218f196ab0f6",
            "label": "Body",
            "name": "video_left_text_right_body",
            "type": "text",
            "instructions": "",
            "required": 0,
            "conditional_logic": 0,
            "wrapper": {
                "width": "",
                "class": "",
                "id": ""
            },
            "default_value": "",
            "placeholder": "",
            "prepend": "",
            "append": "",
            "maxlength": ""
        },
        {
            "key": "field_618a3b2d483db",
            "label": "Image Overlay",
            "name": "video_left_text_right_image",
            "type": "image",
            "instructions": "",
            "required": 0,
            "conditional_logic": 0,
            "wrapper": {
                "width": "",
                "class": "",
                "id": ""
            },
            "return_format": "array",
            "preview_size": "medium",
            "library": "all",
            "min_width": "",
            "min_height": "",
            "min_size": "",
            "max_width": "",
            "max_height": "",
            "max_size": "",
            "mime_types": ""
        },
        {
            "key": "field_618a3b650a179",
            "label": "Video",
            "name": "video_left_text_right_video",
            "type": "file",
            "instructions": "",
            "required": 0,
            "conditional_logic": 0,
            "wrapper": {
                "width": "50",
                "class": "",
                "id": ""
            },
            "return_format": "array",
            "library": "all",
            "min_size": "",
            "max_size": "",
            "mime_types": ""
        },
        {
            "key": "field_621cac7cef226",
            "label": "Video Play Position Thumbnail",
            "name": "video_left_text_right_video_thumbnail_position",
            "type": "number",
            "instructions": "If no image thumbnail selected, you can make a thumbnail from the video position. e.g. 1 would get the frame 1 second into the video and make that the video thumbnail.",
            "required": 0,
            "conditional_logic": [
                [
                    {
                        "field": "field_618a3b2d483db",
                        "operator": "==empty"
                    }
                ]
            ],
            "wrapper": {
                "width": "50",
                "class": "",
                "id": ""
            },
            "default_value": 0,
            "placeholder": 0,
            "prepend": "",
            "append": "seconds",
            "min": 0,
            "max": "",
            "step": ""
        },
        {
            "key": "field_6218f3226fb45",
            "label": "Show Bottom Rule",
            "name": "video_left_text_right_video_show_bottom_rule",
            "type": "true_false",
            "instructions": "",
            "required": 0,
            "conditional_logic": 0,
            "wrapper": {
                "width": "",
                "class": "",
                "id": ""
            },
            "message": "",
            "default_value": 0,
            "ui": 0,
            "ui_on_text": "",
            "ui_off_text": ""
        }
    ],
    "location": [
        [
            {
                "param": "block",
                "operator": "==",
                "value": "acf\/video-left-text-right"
            }
        ]
    ],
    "menu_order": 0,
    "position": "normal",
    "style": "default",
    "label_placement": "top",
    "instruction_placement": "label",
    "hide_on_screen": "",
    "active": true,
    "description": "",
    "show_in_rest": 0,
    "modified": 1662635770
}