{
    "key": "group_63ea27e1d4112",
    "title": "Divider Block",
    "fields": [],
    "location": [
        [
            {
                "param": "block",
                "operator": "==",
                "value": "acf\/divider"
            }
        ]
    ],
    "menu_order": 0,
    "position": "normal",
    "style": "default",
    "label_placement": "top",
    "instruction_placement": "label",
    "hide_on_screen": "",
    "active": true,
    "description": "",
    "show_in_rest": 0,
    "modified": 1676290095
}