{
    "key": "group_63bc0cd5ab506",
    "title": "KPrime - Literature Key Information Options",
    "fields": [
        {
            "key": "field_63bc0cd5019f2",
            "label": "Key Information",
            "name": "kprime_key_information",
            "aria-label": "",
            "type": "repeater",
            "instructions": "",
            "required": 0,
            "conditional_logic": 0,
            "wrapper": {
                "width": "",
                "class": "",
                "id": ""
            },
            "layout": "table",
            "pagination": 0,
            "min": 0,
            "max": 0,
            "collapsed": "",
            "button_label": "Add Row",
            "rows_per_page": 20,
            "sub_fields": [
                {
                    "key": "field_63bc0ded019f3",
                    "label": "Class",
                    "name": "key_information_class",
                    "aria-label": "",
                    "type": "text",
                    "instructions": "",
                    "required": 0,
                    "conditional_logic": 0,
                    "wrapper": {
                        "width": "",
                        "class": "",
                        "id": ""
                    },
                    "default_value": "",
                    "maxlength": "",
                    "placeholder": "",
                    "prepend": "",
                    "append": "",
                    "parent_repeater": "field_63bc0cd5019f2"
                },
                {
                    "key": "field_63bc0e12019f4",
                    "label": "Currency",
                    "name": "key_information_currency",
                    "aria-label": "",
                    "type": "select",
                    "instructions": "",
                    "required": 0,
                    "conditional_logic": 0,
                    "wrapper": {
                        "width": "",
                        "class": "",
                        "id": ""
                    },
                    "choices": {
                        "EUR": "EUR",
                        "GBP": "GBP",
                        "USD": "USD"
                    },
                    "default_value": false,
                    "return_format": "value",
                    "multiple": 0,
                    "allow_null": 0,
                    "ui": 0,
                    "ajax": 0,
                    "placeholder": "",
                    "parent_repeater": "field_63bc0cd5019f2"
                },
                {
                    "key": "field_63bc0e601e7c3",
                    "label": "Share Type",
                    "name": "key_information_share_type",
                    "aria-label": "",
                    "type": "select",
                    "instructions": "",
                    "required": 0,
                    "conditional_logic": 0,
                    "wrapper": {
                        "width": "",
                        "class": "",
                        "id": ""
                    },
                    "choices": {
                        "Accumulating": "Accumulating",
                        "Distributing": "Distributing"
                    },
                    "default_value": false,
                    "return_format": "value",
                    "multiple": 0,
                    "allow_null": 0,
                    "ui": 0,
                    "ajax": 0,
                    "placeholder": "",
                    "parent_repeater": "field_63bc0cd5019f2"
                },
                {
                    "key": "field_63bc0e8f1e7c4",
                    "label": "ISIN",
                    "name": "key_information_isin",
                    "aria-label": "",
                    "type": "text",
                    "instructions": "",
                    "required": 0,
                    "conditional_logic": 0,
                    "wrapper": {
                        "width": "",
                        "class": "",
                        "id": ""
                    },
                    "default_value": "",
                    "maxlength": 20,
                    "placeholder": "",
                    "prepend": "",
                    "append": "",
                    "parent_repeater": "field_63bc0cd5019f2"
                },
                {
                    "key": "field_63bc0f71d7b40",
                    "label": "EEA KID",
                    "name": "key_information_eea_kid",
                    "aria-label": "",
                    "type": "file",
                    "instructions": "",
                    "required": 0,
                    "conditional_logic": 0,
                    "wrapper": {
                        "width": "",
                        "class": "",
                        "id": ""
                    },
                    "return_format": "array",
                    "library": "all",
                    "min_size": "",
                    "max_size": "",
                    "mime_types": "",
                    "parent_repeater": "field_63bc0cd5019f2"
                },
                {
                    "key": "field_63bc0fa3d7b41",
                    "label": "UK KID",
                    "name": "key_information_uk_kid",
                    "aria-label": "",
                    "type": "file",
                    "instructions": "",
                    "required": 0,
                    "conditional_logic": [
                        [
                            {
                                "field": "field_63bc10f4c7a9c",
                                "operator": "==",
                                "value": "English"
                            }
                        ]
                    ],
                    "wrapper": {
                        "width": "",
                        "class": "",
                        "id": ""
                    },
                    "return_format": "array",
                    "library": "all",
                    "min_size": "",
                    "max_size": "",
                    "mime_types": "",
                    "parent_repeater": "field_63bc0cd5019f2"
                },
                {
                    "key": "field_63bc10f4c7a9c",
                    "label": "Language",
                    "name": "key_information_language",
                    "aria-label": "",
                    "type": "select",
                    "instructions": "",
                    "required": 0,
                    "conditional_logic": 0,
                    "wrapper": {
                        "width": "",
                        "class": "",
                        "id": ""
                    },
                    "choices": {
                        "English": "English",
                        "German": "German",
                        "Italian": "Italian"
                    },
                    "default_value": false,
                    "return_format": "value",
                    "multiple": 0,
                    "allow_null": 0,
                    "ui": 0,
                    "ajax": 0,
                    "placeholder": "",
                    "parent_repeater": "field_63bc0cd5019f2"
                }
            ]
        }
    ],
    "location": [
        [
            {
                "param": "options_page",
                "operator": "==",
                "value": "acf-options-kprime-key-information"
            }
        ]
    ],
    "menu_order": 0,
    "position": "normal",
    "style": "default",
    "label_placement": "top",
    "instruction_placement": "label",
    "hide_on_screen": "",
    "active": true,
    "description": "",
    "show_in_rest": 0,
    "modified": 1680709832
}