{
    "key": "group_63bed87276f28",
    "title": "SEO Description",
    "fields": [
        {
            "key": "field_63bed8724c14b",
            "label": "SEO Description",
            "name": "kseries_seo_description",
            "aria-label": "",
            "type": "textarea",
            "instructions": "",
            "required": 0,
            "conditional_logic": 0,
            "wrapper": {
                "width": "",
                "class": "",
                "id": ""
            },
            "default_value": "",
            "maxlength": 160,
            "rows": "",
            "placeholder": "",
            "new_lines": ""
        }
    ],
    "location": [
        [
            {
                "param": "page_template",
                "operator": "==",
                "value": "default"
            }
        ]
    ],
    "menu_order": 2,
    "position": "side",
    "style": "seamless",
    "label_placement": "left",
    "instruction_placement": "field",
    "hide_on_screen": "",
    "active": true,
    "description": "",
    "show_in_rest": 0,
    "modified": 1680000006
}